{
	"format_version": "1.8.0",
	"animations": {
		"idle": {
			"loop": true,
			"animation_length": 4,
			"bones": {
				"bone": {
					"rotation": {
						"0.0": {
							"vector": [-3, 0, 0]
						},
						"1.0": {
							"vector": [2.9959, 0.15694, -2.9959]
						},
						"2.0": {
							"vector": [-3, 0, 0]
						},
						"3.0": {
							"vector": [3.649, 0.22478, 4.17228]
						},
						"4.0": {
							"vector": [-3, 0, 0]
						}
					}
				},
				"RightArm": {
					"rotation": {
						"0.0": {
							"vector": [1.70506, 9.41696, 16.54797]
						},
						"1.25": {
							"vector": [-5.26913, 9.74587, -1.67599]
						},
						"2.0": {
							"vector": [1.70506, 9.41696, 16.54797]
						},
						"3.25": {
							"vector": [-3.40742, 10.20986, 9.47034]
						},
						"4.0": {
							"vector": [1.70506, 9.41696, 16.54797]
						}
					},
					"position": {
						"0.0": {
							"vector": [0, 1.7, 0]
						},
						"0.75": {
							"vector": [0, 0, 0]
						},
						"2.0": {
							"vector": [0, 1.7, 0]
						},
						"2.75": {
							"vector": [0, 0, 0]
						},
						"4.0": {
							"vector": [0, 1.7, 0]
						}
					}
				},
				"LeftArm": {
					"rotation": {
						"0.0": {
							"vector": [-1.64839, 9.42696, -3.7284]
						},
						"1.25": {
							"vector": [-5.26913, 9.74587, -1.67599]
						},
						"2.0": {
							"vector": [-2.87453, 9.13057, -11.32205]
						},
						"3.25": {
							"vector": [-5.9493, 8.97914, -5.69272]
						},
						"4.0": {
							"vector": [-2.47049, 9.24716, -8.7923]
						}
					},
					"position": {
						"0.0": {
							"vector": [0, 1.7, 0]
						},
						"0.75": {
							"vector": [0, 0, 0]
						},
						"2.0": {
							"vector": [0, 1.7, 0]
						},
						"2.75": {
							"vector": [0, 0, 0]
						},
						"4.0": {
							"vector": [0, 1.7, 0]
						}
					}
				}
			}
		},
		"walk": {
			"loop": true,
			"animation_length": 2,
			"bones": {
				"bone": {
					"rotation": {
						"0.0": {
							"vector": [4.5, 0, 0]
						},
						"0.5": {
							"vector": [11.9645, -0.82422, 4.93177]
						},
						"1.0": {
							"vector": [4.5, 0, 0]
						},
						"1.5": {
							"vector": [9.22728, 0.65967, -3.94532]
						},
						"2.0": {
							"vector": [4.5, 0, 0]
						}
					}
				},
				"RightArm": {
					"rotation": {
						"0.0": {
							"vector": [-19.64776, 2.18378, 9.85264]
						},
						"0.5": {
							"vector": [2.27521, 1.38653, 4.9137]
						},
						"1.0": {
							"vector": [25.70514, 17.89675, 9.40136]
						},
						"1.5": {
							"vector": [6.08885, 9.93872, 18.97717]
						},
						"2.0": {
							"vector": [-19.64776, 2.18378, 9.85264]
						}
					},
					"position": {
						"0.0": {
							"vector": [0, 1.7, 0]
						},
						"2.0": {
							"vector": [0, 1.7, 0]
						}
					}
				},
				"LeftArm": {
					"rotation": {
						"0.0": {
							"vector": [-19.05192, -5.35776, -11.36946]
						},
						"0.5": {
							"vector": [2, 1.76048, -5.0831]
						},
						"1.0": {
							"vector": [-35.46856, 6.73551, -7.61932]
						},
						"1.5": {
							"vector": [-0.27018, 11.63647, -14.08028]
						},
						"2.0": {
							"vector": [18.24361, -4.53737, -8.99905]
						}
					},
					"position": {
						"0.0": {
							"vector": [0, 1.7, 0]
						},
						"2.0": {
							"vector": [0, 1.7, 0]
						}
					}
				},
				"RightLeg": {
					"rotation": {
						"0.0": {
							"vector": [-12.5, 0, 0]
						},
						"1.0": {
							"vector": [17.5, 0, 0]
						},
						"2.0": {
							"vector": [-12.5, 0, 0]
						}
					},
					"position": {
						"0.0": {
							"vector": [0, 0, 0]
						},
						"1.0": {
							"vector": [0, 0, -2]
						},
						"1.5": {
							"vector": [0, 5.36, 0]
						},
						"2.0": {
							"vector": [0, 0, 0]
						}
					}
				},
				"LeftLeg": {
					"rotation": {
						"0.0": {
							"vector": [17.5, 0, 0]
						},
						"1.0": {
							"vector": [-10, 0, 0]
						},
						"2.0": {
							"vector": [17.5, 0, 0]
						}
					},
					"position": {
						"0.0": {
							"vector": [0, 0, -2]
						},
						"0.5": {
							"vector": [0, 2.1, -5]
						},
						"1.0": {
							"vector": [0, -0.6, 0]
						},
						"2.0": {
							"vector": [0, 0, 0]
						}
					}
				}
			}
		},
		"attack": {
			"animation_length": 1.8333,
			"bones": {
				"bone": {
					"rotation": {
						"0.0": {
							"vector": [-3, 0, 0]
						},
						"0.5": {
							"vector": [-3, 0, 0]
						},
						"0.75": {
							"vector": [-3, 0, 0]
						},
						"1.0": {
							"vector": [15.77382, 29.54983, 2.5911]
						},
						"1.3333": {
							"vector": [15.77382, 29.54983, 2.5911]
						},
						"1.8333": {
							"vector": [-3, 0, 0]
						}
					}
				},
				"RightArm": {
					"rotation": {
						"0.0": {
							"vector": [1.70506, 9.41696, 16.54797]
						},
						"0.5": {
							"vector": [1.70506, 9.41696, 16.54797]
						},
						"0.75": {
							"vector": [-33.29494, 9.41696, 16.54797]
						},
						"1.0": {
							"vector": [9.20506, 9.41696, 16.54797]
						},
						"1.3333": {
							"vector": [9.20506, 9.41696, 16.54797]
						},
						"1.8333": {
							"vector": [1.70506, 9.41696, 16.54797]
						}
					},
					"position": {
						"0.0": {
							"vector": [0, 1.7, 0]
						},
						"1.8333": {
							"vector": [0, 1.7, 0]
						}
					}
				},
				"LeftArm": {
					"rotation": {
						"0.0": {
							"vector": [-2.47049, 9.24716, -8.7923]
						},
						"0.5": {
							"vector": [-2.47049, 9.24716, -8.7923]
						},
						"0.75": {
							"vector": [-69.45096, -0.38975, 1.99041]
						},
						"1.0": {
							"vector": [-78.65409, -6.18305, 3.98837]
						},
						"1.3333": {
							"vector": [34.20506, 9.41696, 16.54797]
						},
						"1.8333": {
							"vector": [-4.04906, 8.67703, -18.89979]
						}
					},
					"position": {
						"0.0": {
							"vector": [0, 1.7, 0]
						},
						"1.8333": {
							"vector": [0, 1.7, 0]
						}
					}
				},
				"RightLeg": {
					"rotation": {
						"0.0": {
							"vector": [0, 0, 0]
						},
						"0.5": {
							"vector": [0, 0, 0]
						},
						"0.75": {
							"vector": [15.5, -20, 0]
						},
						"1.0": {
							"vector": [-19.69139, 9.87198, 2.86268]
						},
						"1.3333": {
							"vector": [-19.69139, 9.87198, 2.86268]
						},
						"1.8333": {
							"vector": [0, 0, 0]
						}
					},
					"position": {
						"0.0": {
							"vector": [0, 0, 0]
						},
						"0.75": {
							"vector": [0, 0, 0]
						},
						"0.875": {
							"vector": [0, 3.15, 0]
						},
						"1.0": {
							"vector": [0, -2.3, 0]
						},
						"1.3333": {
							"vector": [0, -2.3, 0]
						},
						"1.8333": {
							"vector": [0, 0, 0]
						}
					}
				},
				"LeftLeg": {
					"rotation": {
						"0.0": {
							"vector": [0, 0, 0]
						},
						"0.75": {
							"vector": [0, -14, 0]
						},
						"1.0": {
							"vector": [8.61918, 21.77489, 3.21833]
						},
						"1.3333": {
							"vector": [8.45448, 18.80811, 2.74358]
						},
						"1.8333": {
							"vector": [0, 0, 0]
						}
					}
				}
			}
		},
		"cannon": {
			"animation_length": 2.75,
			"bones": {
				"Head": {
					"rotation": {
						"0.0": {
							"vector": [-3, 0, 0]
						},
						"0.5": {
							"vector": [-10.5, 0, 0]
						},
						"0.75": {
							"vector": [-10.5, 0, 0]
						},
						"1.2083": {
							"vector": [12, 0, 0]
						},
						"2.0": {
							"vector": [12, 0, 0]
						},
						"2.75": {
							"vector": [-3, 0, 0]
						}
					}
				},
				"Body": {
					"rotation": {
						"0.0": {
							"vector": [-3, 0, 0]
						},
						"0.5": {
							"vector": [-10.5, 0, 0]
						},
						"0.75": {
							"vector": [-10.5, 0, 0]
						},
						"1.2083": {
							"vector": [12, 0, 0]
						},
						"2.0": {
							"vector": [12, 0, 0]
						},
						"2.75": {
							"vector": [-3, 0, 0]
						}
					}
				},
				"RightArm": {
					"rotation": {
						"0.0": {
							"vector": [0, 0, 17.5]
						},
						"0.5": {
							"vector": [26.9848, 5.50905, 6.82279]
						},