{
  "format_version": "1.8.0",
  "animations": {
    "idle": {
      "loop": true,
      "animation_length": 4,
      "bones": {
        "bone": {
          "rotation": {
            "0.0": {
              "vector": [
                -3,
                0,
                0
              ]
            },
            "1.0": {
              "vector": [
                2.9959,
                0.15694,
                -2.9959
              ]
            },
            "2.0": {
              "vector": [
                -3,
                0,
                0
              ]
            },
            "3.0": {
              "vector": [
                3.649,
                0.22478,
                4.17228
              ]
            },
            "4.0": {
              "vector": [
                -3,
                0,
                0
              ]
            }
          }
        },
        "Head": {
          "rotation": {
            "0.0": {
              "vector": [
                12.5,
                0,
                0
              ]
            },
            "1.0": {
              "vector": [
                4.5019,
                0.04358,
                4.99981
              ]
            },
            "2.0": {
              "vector": [
                12.5,
                0,
                0
              ]
            },
            "3.0": {
              "vector": [
                4.50158,
                -0.03484,
                -3.99994
              ]
            },
            "4.0": {
              "vector": [
                12.5,
                0,
                0
              ]
            }
          }
        },
        "RightArm": {
          "rotation": {
            "0.0": {
              "vector": [
                1.70506,
                9.41696,
                16.54797
              ]
            },
            "1.25": {
              "vector": [
                -5.26913,
                9.74587,
                -1.67599
              ]
            },
            "2.0": {
              "vector": [
                1.70506,
                9.41696,
                16.54797
              ]
            },
            "3.25": {
              "vector": [
                -3.40742,
                10.20986,
                9.47034
              ]
            },
            "4.0": {
              "vector": [
                1.70506,
                9.41696,
                16.54797
              ]
            }
          },
          "position": {
            "0.0": {
              "vector": [
                0,
                1.7,
                0
              ]
            },
            "0.75": {
              "vector": [
                0,
                0,
                0
              ]
            },
            "2.0": {
              "vector": [
                0,
                1.7,
                0
              ]
            },
            "2.75": {
              "vector": [
                0,
                0,
                0
              ]
            },
            "4.0": {
              "vector": [
                0,
                1.7,
                0
              ]
            }
          }
        },
        "LeftArm": {
          "rotation": {
            "0.0": {
              "vector": [
                -1.64839,
                9.42696,
                -3.7284
              ]
            },
            "1.25": {
              "vector": [
                -5.26913,
                9.74587,
                -1.67599
              ]
            },
            "2.0": {
              "vector": [
                -2.87453,
                9.13057,
                -11.32205
              ]
            },
            "3.25": {
              "vector": [
                -5.9493,
                8.97914,
                -5.69272
              ]
            },
            "4.0": {
              "vector": [
                -2.47049,
                9.24716,
                -8.7923
              ]
            }
          },
          "position": {
            "0.0": {
              "vector": [
                0,
                1.7,
                0
              ]
            },
            "0.75": {
              "vector": [
                0,
                0,
                0
              ]
            },
            "2.0": {
              "vector": [
                0,
                1.7,
                0
              ]
            },
            "2.75": {
              "vector": [
                0,
                0,
                0
              ]
            },
            "4.0": {
              "vector": [
                0,
                1.7,
                0
              ]
            }
          }
        }
      }
    },
    "walk": {
      "loop": true,
      "animation_length": 2,
      "bones": {
        "bone": {
          "rotation": {
            "0.0": {
              "vector": [
                4.5,
                0,
                0
              ]
            },
            "0.5": {
              "vector": [
                11.9645,
                -0.82422,
                4.93177
              ]
            },
            "1.0": {
              "vector": [
                4.5,
                0,
                0
              ]
            },
            "1.5": {
              "vector": [
                9.22728,
                0.65967,
                -3.94532
              ]
            },
            "2.0": {
              "vector": [
                4.5,
                0,
                0
              ]
            }
          }
        },
        "Head": {
          "rotation": {
            "0.0": {
              "vector": [
                4.5,
                0,
                0
              ]
            },
            "0.5": {
              "vector": [
                11.9645,
                -0.82422,
                4.93177
              ]
            },
            "1.0": {
              "vector": [
                4.5,
                0,
                0
              ]
            },
            "1.5": {
              "vector": [
                9.22728,
                0.65967,
                -3.94532
              ]
            },
            "2.0": {
              "vector": [
                4.5,
                0,
                0
              ]
            }
          }
        },
        "RightArm": {
          "rotation": {
            "0.0": {
              "vector": [
                -19.64776,
                2.18378,
                9.85264
              ]
            },
            "0.5": {
              "vector": [
                2.27521,
                1.38653,
                4.9137
              ]
            },
            "1.0": {
              "vector": [
                25.70514,
                17.89675,
                9.40136
              ]
            },
            "1.5": {
              "vector": [
                6.08885,
                9.93872,
                18.97717
              ]
            },
            "2.0": {
              "vector": [
                -19.64776,
                2.18378,
                9.85264
              ]
            }
          },
          "position": {
            "0.0": {
              "vector": [
                0,
                1.7,
                0
              ]
            },
            "2.0": {
              "vector": [
                0,
                1.7,
                0
              ]
            }
          }
        },