{
  "format_version": "1.8.0",
  "animations": {
    "attack": {
      "animation_length": 1.16667,
      "bones": {
        "spear": {
          "rotation": {
            "0.0": {
              "vector": [
                70.47001,
                -54.71715,
                21.49591
              ]
            },
            "0.2917": {
              "vector": [
                30.5461,
                16.94773,
                -77.2181
              ]
            },
            "0.4167": {
              "vector": [
                33.0461,
                16.94773,
                -77.2181
              ]
            },
            "0.5": {
              "vector": [
                271,
                0,
                -90
              ]
            },
            "0.625": {
              "vector": [
                258.5,
                0,
                -90
              ]
            },
            "0.9167": {
              "vector": [
                258.5,
                0,
                -90
              ]
            },
            "0.9583": {
              "vector": [
                -81.93187,
                7.4266,
                1.04968
              ]
            },
            "1.1667": {
              "vector": [
                120,
                0,
                0
              ]
            }
          },
          "position": {
            "0.0": {
              "vector": [
                17,
                0,
                0
              ]
            },
            "0.2083": {
              "vector": [
                39,
                0,
                -35
              ]
            },
            "0.5": {
              "vector": [
                -1,
                0,
                -41
              ]
            },
            "0.9583": {
              "vector": [
                17,
                0,
                2
              ]
            }
          }
        }
      }
    },
    "idle": {
      "loop": true,
      "animation_length": 0.79167,
      "bones": {
        "spear": {
          "rotation": {
            "0.0": {
              "vector": [
                -250,
                0,
                0
              ]
            },
            "0.7917": {
              "vector": [
                250,
                0,
                0
              ]
            }
          },
          "position": {
            "vector": [
              17,
              7,
              0
            ]
          }
        }
      }
    }
  },
  "geckolib_format_version": 2
}