{
	"format_version": "1.8.0",
	"animations": {
		"idle": {
			"loop": true,
			"animation_length": 2,
			"bones": {
				"bone": {
					"rotation": {
						"0.0": {
							"vector": [-12.5, 0, 0]
						},
						"1.0": {
							"vector": [-10, 0, 0]
						},
						"2.0": {
							"vector": [-12.5, 0, 0]
						}
					},
					"position": {
						"0.0": {
							"vector": [0, 1, 0]
						},
						"2.0": {
							"vector": [0, 1, 0]
						}
					}
				},
				"Head": {
					"rotation": {
						"0.0": {
							"vector": [17.5, 0, 0]
						},
						"1.25": {
							"vector": [22.5, 0, 0]
						},
						"2.0": {
							"vector": [17.5, 0, 0]
						}
					},
					"position": {
						"0.0": {
							"vector": [0, 0, 1]
						},
						"2.0": {
							"vector": [0, 0, 1]
						}
					}
				},
				"bone2": {
					"rotation": {
						"0.0": {
							"vector": [7.5, 0, 0]
						},
						"1.5": {
							"vector": [12.5, 0, 0]
						},
						"2.0": {
							"vector": [7.5, 0, 0]
						}
					}
				},
				"Tail": {
					"rotation": {
						"0.0": {
							"vector": [15.14068, 7.72571, 2.0832]
						},
						"2.0": {
							"vector": [15.14068, 7.72571, 2.0832]
						}
					},
					"position": {
						"0.0": {
							"vector": [0, 0, -1.8]
						},
						"2.0": {
							"vector": [0, 0, -1.8]
						}
					}
				},
				"RightArm": {
					"rotation": {
						"0.0": {
							"vector": [10.50336, -2.25769, 24.88857]
						},
						"1.0": {
							"vector": [3.00336, -2.25769, 24.88857]
						},
						"2.0": {
							"vector": [10.50336, -2.25769, 24.88857]
						}
					},
					"position": {
						"0.0": {
							"vector": [0, -2.5, 0]
						},
						"2.0": {
							"vector": [0, -2.5, 0]
						}
					}
				},
				"LeftArm": {
					"rotation": {
						"0.0": {
							"vector": [16.83628, 25.29808, -26.699]
						},
						"1.0": {
							"vector": [9.33628, 25.29808, -26.699]
						},
						"2.0": {
							"vector": [16.83628, 25.29808, -26.699]
						}
					},
					"position": {
						"0.0": {
							"vector": [0, -2.3, 0]
						},
						"2.0": {
							"vector": [0, -2.3, 0]
						}
					}
				},
				"bone6": {
					"rotation": {
						"0.0": {
							"vector": [20.28356, 9.39129, 3.45118]
						},
						"1.25": {
							"vector": [10.51665, -15.21065, -1.03305]
						},
						"2.0": {
							"vector": [20.28356, 9.39129, 3.45118]
						}
					}
				},
				"bone5": {
					"rotation": {
						"0.0": {
							"vector": [14.05136, 4.85112, 1.21251]
						},
						"1.125": {
							"vector": [6.55369, -5.08389, 0.0728]
						},
						"2.0": {
							"vector": [14.05136, 4.85112, 1.21251]
						}
					}
				},
				"bone4": {
					"rotation": {
						"0.0": {
							"vector": [0, 0, 0]
						},
						"1.0": {
							"vector": [-5.40961, -22.40972, 2.06754]
						},
						"2.0": {
							"vector": [0, 0, 0]
						}
					}
				},
				"bone8": {
					"rotation": {
						"0.0": {
							"vector": [-11.49202, -4.95108, -23.00149]
						},
						"2.0": {
							"vector": [-11.49202, -4.95108, -23.00149]
						}
					}
				},
				"bone7": {
					"rotation": {
						"0.0": {
							"vector": [-29.99906, 0.25, 37.93302]
						},
						"2.0": {
							"vector": [-29.99906, 0.25, 37.93302]
						}
					}
				}
			}
		},
		"walk": {
			"loop": true,
			"animation_length": 1.5,
			"bones": {
				"bone": {
					"rotation": {
						"0.0": {
							"vector": [-12.45392, -1.08089, -4.88206]
						},
						"1.0": {
							"vector": [-12.45392, 1.08089, 4.88206]
						},
						"1.5": {
							"vector": [-12.45392, -1.08089, -4.88206]
						}
					},
					"position": {
						"0.0": {
							"vector": [0, 1, 0]
						},
						"1.5": {
							"vector": [0, 1, 0]
						}
					}
				},
				"Head": {
					"rotation": {
						"0.0": {
							"vector": [17.43745, -1.50179, 4.76968]
						},
						"0.4167": {
							"vector": [20.7222, 0.16735, -0.52966]
						},
						"0.75": {
							"vector": [17.48436, 0.75155, -2.38443]
						},
						"1.2083": {
							"vector": [20.7222, 0.16735, -0.52966]
						},
						"1.5": {
							"vector": [17.43745, -1.50179, 4.76968]
						}
					},
					"position": {
						"0.0": {
							"vector": [0, 0, 1]
						},
						"1.5": {
							"vector": [0, 0, 1]
						}
					}
				},
				"bone2": {
					"rotation": {
						"0.0": {
							"vector": [7.5, 0, 0]
						},
						"1.0": {
							"vector": [15, 0, 0]
						},
						"1.5": {
							"vector": [7.5, 0, 0]
						}
					}
				},
				"Tail": {
					"rotation": {
						"0.0": {
							"vector": [15.14068, 7.72571, 2.0832]
						},
						"1.5": {
							"vector": [15.14068, 7.72571, 2.0832]
						}
					},
					"position": {
						"0.0": {
							"vector": [0, 0, -1.8]
						},
						"1.5": {
							"vector": [0, 0, -1.8]
						}
					}
				},
				"RightArm": {
					"rotation": {
						"0.0": {
							"vector": [-22.31551, -67.65335, 29.41374]
						},
						"0.5": {
							"vector": [7.91815, 5.54087, -5.09311]
						},
						"0.75": {
							"vector": [20.84347, 23.71333, 29.56433]
						},
						"1.0": {
							"vector": [9.02373, -1.75148, 13.55277]
						},
						"1.5": {
							"vector": [-22.31551, -67.65335, 29.41374]
						}
					},
					"position": {
						"0.0": {
							"vector": [0, -2.5, 0]
						},
						"0.5": {
							"vector": [0, -0.5, 0]
						},
						"0.75": {
							"vector": [0, -2.5, 0]
						},
						"1.5": {
							"vector": [0, -2.5, 0]
						}
					}
				},
				"LeftArm": {
					"rotation": {
						"0.0": {
							"vector": [41.3877, -20.54877, -21.74446]
						},
						"0.25": {
							"vector": [18.59573, 26.11703, -15.98043]
						},
						"0.5": {
							"vector": [-37.44734, 62.07708, -57.8329]
						},
						"1.0": {
							"vector": [18.1921, 16.35943, -0.15705]
						},
						"1.5": {
							"vector": [41.3877, -20.54877, -21.74446]
						}
					},
					"position": {
						"0.0": {
							"vector": [0, -2.3, 0]
						},
						"0.5": {
							"vector": [0, -2.3, 0]
						},
						"1.0": {
							"vector": [0, 0.7, 0]
						},
						"1.5": {
							"vector": [0, -2.3, 0]
						}
					}
				},
				"bone6": {
					"rotation": {
						"0.0": {
							"vector": [20.28356, 9.39129, 3.45118]
						},
						"1.0": {
							"vector": [10.51665, -15.21065, -1.03305]
						},
						"1.5": {
							"vector": [20.28356, 9.39129, 3.45118]
						}
					}
				},
				"bone5": {
					"rotation": {
						"0.0": {
							"vector": [14.05136, 4.85112, 1.21251]
						},
						"0.875": {
							"vector": [6.55369, -5.08389, 0.0728]
						},
						"1.5": {
							"vector": [14.05136, 4.85112, 1.21251]
						}
					}
				},
				"bone4": {
					"rotation": {
						"0.0": {
							"vector": [0, 0, 0]
						},
						"0.75": {
							"vector": [-5.40961, -22.40972, 2.06754]
						},
						"1.5": {
							"vector": [0, 0, 0]
						}
					}
				},
				"bone8": {
					"rotation": {
						"0.0": {
							"vector": [-11.49202, -4.95108, -23.00149]
						},
						"1.5": {
							"vector": [-11.49202, -4.95108, -23.00149]
						}
					}
				},
				"bone7": {
					"rotation": {
						"0.0": {
							"vector": [-29.99906, 0.25, 37.93302]
						},
						"2.0": {
							"vector": [-29.99906, 0.25, 37.93302]
						}
					}
				}
			}
		},
		"attack": {
			"animation_length": 1.75,
			"bones": {
				"bone": {
					"rotation": {
						"0.0": {
							"vector": [0, 0, 0]
						},
						"0.5": {
							"vector": [-5, 0, 0]
						},
						"0.75": {
							"vector": [-2, 0, 0]
						},
						"1.0": {
							"vector": [14.5, 0, 0]
						},
						"1.375": {
							"vector": [-1, 0, 0]
						},
						"1.75": {
							"vector": [0, 0, 0]
						}
					},
					"position": {
						"0.0": {
							"vector": [0, 0, 0]
						},
						"0.5": {
							"vector": [0, 0.875, 2.475]
						},
						"0.75": {
							"vector": [0, 0, 1.5]
						},
						"1.0": {
							"vector": [0, 0.775, -15.35]
						},
						"1.375": {
							"vector": [0, -1.5, -12.1]
						},
						"1.75": {
							"vector": [0, 0, 0]
						}
					}
				},