{
  "format_version": "1.8.0",
  "animations": {
    "attack": {
      "animation_length": 2,
      "bones": {
        "cube": {
          "rotation": {
            "0.0": {
              "vector": [
                -0.90398,
                5.04092,
                39.51857
              ]
            },
            "0.25": {
              "vector": [
                -17.38387,
                5.04092,
                39.51857
              ]
            },
            "0.5": {
              "vector": [
                -10.90398,
                5.04092,
                39.51857
              ]
            },
            "1.5": {
              "vector": [
                -10.90398,
                5.04092,
                39.51857
              ]
            },
            "1.75": {
              "vector": [
                -17.38387,
                5.04092,
                39.51857
              ]
            },
            "2.0": {
              "vector": [
                -0.90398,
                5.04092,
                39.51857
              ]
            }
          },
          "position": {
            "0.0": {
              "vector": [
                -123.2,
                -132,
                0
              ]
            },
            "0.25": {
              "vector": [
                -69.75,
                -51.09,
                -18.98
              ]
            },
            "0.5": {
              "vector": [
                -3.9,
                -15,
                -1.3
              ]
            },
            "1.5": {
              "vector": [
                -3.9,
                -15,
                -1.3
              ]
            },
            "1.75": {
              "vector": [
                -69.75,
                -51.09,
                -18.98
              ]
            },
            "2.0": {
              "vector": [
                -123.2,
                -132,
                0
              ]
            }
          }
        },
        "bone": {
          "rotation": {
            "0.0": {
              "vector": [
                0,
                0,
                0
              ]
            },
            "0.5": {
              "vector": [
                0,
                0,
                12.5
              ]
            },
            "1.5": {
              "vector": [
                0,
                0,
                12.5
              ]
            },
            "2.0": {
              "vector": [
                0,
                0,
                0
              ]
            }
          }
        },
        "bone2": {
          "rotation": {
            "0.0": {
              "vector": [
                0,
                0,
                0
              ]
            },
            "0.5": {
              "vector": [
                -7.5,
                0,
                7.5
              ]
            },
            "1.5": {
              "vector": [
                -7.5,
                0,
                7.5
              ]
            },
            "2.0": {
              "vector": [
                0,
                0,
                0
              ]
            }
          }
        },
        "bone3": {
          "rotation": {
            "0.0": {
              "vector": [
                0,
                0,
                0
              ]
            },
            "0.5": {
              "vector": [
                4.83045,
                -1.29256,
                22.44548
              ]
            },
            "1.5": {
              "vector": [
                4.83045,
                -1.29256,
                22.44548
              ]
            },
            "2.0": {
              "vector": [
                0,
                0,
                0
              ]
            }
          }
        },
        "bone4": {
          "rotation": {
            "0.0": {
              "vector": [
                0,
                0,
                0
              ]
            },
            "0.5": {
              "vector": [
                9.28112,
                -5.71617,
                2.91103
              ]
            },
            "1.5": {
              "vector": [
                9.28112,
                -5.71617,
                2.91103
              ]
            },
            "2.0": {
              "vector": [
                0,
                0,
                0
              ]
            }
          }
        },
        "bone5": {
          "rotation": {
            "0.0": {
              "vector": [
                0,
                0,
                0
              ]
            },
            "0.5": {
              "vector": [
                -6.85857,
                3.47417,
                -2.29533
              ]
            },
            "1.5": {
              "vector": [
                -6.85857,
                3.47417,
                -2.29533
              ]
            },
            "2.0": {
              "vector": [
                0,
                0,
                0
              ]
            }
          }
        },
        "bone6": {
          "rotation": {
            "0.0": {
              "vector": [
                0,
                0,
                0
              ]
            },
            "0.5": {
              "vector": [
                12.22716,
                -19.3874,
                2.86397
              ]
            },
            "1.5": {
              "vector": [
                12.22716,
                -19.3874,
                2.86397
              ]
            },
            "2.0": {
              "vector": [
                0,
                0,
                0
              ]
            }
          }
        },
        "bone8": {
          "rotation": {
            "0.0": {
              "vector": [
                0,
                0,
                0
              ]
            },
            "0.5": {
              "vector": [
                -10,
                0,
                0
              ]
            },
            "1.5": {
              "vector": [
                -10,
                0,
                0
              ]
            },
            "2.0": {
              "vector": [
                0,
                0,
                0
              ]
            }
          }
        },
        "bone9": {
          "rotation": {
            "0.0": {
              "vector": [
                0,
                0,
                0
              ]
            },
            "0.5": {
              "vector": [
                17.8527,
                -2.72662,
                11.61724
              ]
            },
            "1.5": {
              "vector": [
                17.8527,
                -2.72662,
                11.61724
              ]
            },
            "2.0": {
              "vector": [
                0,
                0,
                0
              ]
            }
          }
        },
        "bone10": {
          "rotation": {
            "0.0": {
              "vector": [
                0,
                0,
                0
              ]
            },
            "0.25": {
              "vector": [
                -16.04885,
                19.95947,
                -1.54159
              ]
            },
            "0.5": {
              "vector": [
                -35.18406,
                2.15393,
                -7.26758
              ]
            },