{
	"format_version": "1.8.0",
	"animations": {
		"idle": {
			"loop": true,
			"animation_length": 2,
			"bones": {
				"beak": {
					"rotation": {
						"0.0": {
							"vector": [0, 0, 0]
						},
						"1.1667": {
							"vector": [12.5, 0, 0]
						},
						"2.0": {
							"vector": [0, 0, 0]
						}
					}
				},
				"left_hand": {
					"rotation": {
						"0.0": {
							"vector": [7.38733, -1.29876, -7.58385]
						},
						"1.0": {
							"vector": [5.08791, -1.55508, -5.59972]
						},
						"2.0": {
							"vector": [7.38733, -1.29876, -7.58385]
						}
					}
				},
				"left_hand2": {
					"rotation": {
						"0.0": {
							"vector": [-7.39288, -1.2666, 10.33183]
						},
						"1.1667": {
							"vector": [-14.35034, 1.55868, 20.71577]
						},
						"2.0": {
							"vector": [-7.39288, -1.2666, 10.33183]
						}
					}
				},
				"right_hand": {
					"rotation": {
						"0.0": {
							"vector": [0, 0, 7.5]
						},
						"1.0": {
							"vector": [0, 0, 7.75]
						},
						"2.0": {
							"vector": [0, 0, 7.5]
						}
					}
				},
				"right_hand2": {
					"rotation": {
						"0.0": {
							"vector": [-7.29504, 1.74611, -11.61132]
						},
						"1.25": {
							"vector": [-7.49654, -0.22839, -26.73504]
						},
						"2.0": {
							"vector": [-7.29504, 1.74611, -11.61132]
						}
					}
				},
				"body": {
					"rotation": {
						"0.0": {
							"vector": [-3, 0, 0]
						},
						"1.0": {
							"vector": [-0.99923, -0.03926, -2.24966]
						},
						"2.0": {
							"vector": [-3, 0, 0]
						}
					}
				}
			}
		},
		"walk": {
			"loop": true,
			"animation_length": 2,
			"bones": {
				"blue_demon": {
					"rotation": {
						"0.0": {
							"vector": [12.5, 0, 0]
						},
						"0.5": {
							"vector": [9.24435, -0.37871, 1.70854]
						},
						"1.0": {
							"vector": [12.5, 0, 0]
						},
						"1.5": {
							"vector": [8.93542, 0.68307, -3.03349]
						},
						"2.0": {
							"vector": [12.5, 0, 0]
						}
					},
					"position": {
						"0.0": {
							"vector": [0, 0, 0]
						},
						"0.5": {
							"vector": [0, 0.6, 0]
						},
						"1.0": {
							"vector": [0, 0, 0]
						},
						"1.5": {
							"vector": [0.725, 1.075, 0]
						},
						"2.0": {
							"vector": [0, 0, 0]
						}
					}
				},
				"left_hand": {
					"rotation": {
						"0.0": {
							"vector": [28.63733, -15.8471, 1.90192]
						},
						"1.0": {
							"vector": [-52.96909, 15.92356, -5.49536]
						},
						"2.0": {
							"vector": [28.63733, -15.8471, 1.90192]
						}
					}
				},
				"left_hand2": {
					"rotation": {
						"0.0": {
							"vector": [0, 0, 0]
						},
						"1.0": {
							"vector": [-12.76837, 3.74625, 7.07368]
						},
						"2.0": {
							"vector": [0, 0, 0]
						}
					}
				},
				"right_hand": {
					"rotation": {
						"0.0": {
							"vector": [-41.55632, -17.3813, 2.77686]
						},
						"1.0": {
							"vector": [42.65572, 10.42405, 3.19036]
						},
						"2.0": {
							"vector": [-41.55632, -17.3813, 2.77686]
						}
					},
					"position": {
						"0.0": {
							"vector": [0, 0, 0]
						},
						"1.0": {
							"vector": [0, -2.9, 0]
						},
						"2.0": {
							"vector": [0, 0, 0]
						}
					}
				},
				"right_hand2": {
					"rotation": {
						"0.0": {
							"vector": [-14.87739, -1.93597, -7.24721]
						},
						"1.0": {
							"vector": [-3.06381, -1.62475, -1.25238]
						},
						"2.0": {
							"vector": [-14.87739, -1.93597, -7.24721]
						}
					}
				},
				"left_legs": {
					"rotation": {
						"0.0": {
							"vector": [17.5, 0, 0]
						},
						"1.0": {
							"vector": [-12.49571, -2.21345, -0.31692]
						},
						"1.5": {
							"vector": [0.79609, -0.88156, 3.80876]
						},
						"2.0": {
							"vector": [17.5, 0, 0]
						}
					},
					"position": {
						"0.0": {
							"vector": [0, 0, 0]
						},
						"0.5": {
							"vector": [0, 0.9, 0]
						},
						"1.0": {
							"vector": [0, 0, 0]
						}
					}
				},
				"left_legs2": {
					"rotation": {
						"0.0": {
							"vector": [2.5, 0, 0]
						},
						"0.5": {
							"vector": [28.06, 0, 0]
						},
						"1.0": {
							"vector": [-12.5, 0, 0]
						},
						"2.0": {
							"vector": [2.5, 0, 0]
						}
					}
				},
				"right_legs": {
					"rotation": {
						"0.0": {
							"vector": [-14.60271, 0.69966, 1.87645]
						},
						"0.5": {
							"vector": [5.20364, 1.36853, -0.89705]
						},
						"1.0": {
							"vector": [20.47787, 1.93574, 0.50343]
						},
						"2.0": {
							"vector": [-14.60271, 0.69966, 1.87645]
						}
					},
					"position": {
						"1.0": {
							"vector": [0, 0, 0]
						},
						"1.5": {
							"vector": [0, 0.725, 0]
						},
						"2.0": {
							"vector": [0, 0, 0]
						}
					}
				},
				"right_legs2": {
					"rotation": {
						"0.0": {
							"vector": [-15, 0, 0]
						},
						"1.0": {
							"vector": [-5, 0, 0]
						},
						"1.5": {
							"vector": [21.63, 0, 0]
						},
						"2.0": {
							"vector": [-15, 0, 0]
						}
					}
				},
				"body": {
					"rotation": {
						"0.0": {
							"vector": [10, 0, 0]
						},
						"0.5": {
							"vector": [6, 0, 0]
						},
						"1.0": {
							"vector": [10, 0, 0]
						},
						"1.5": {
							"vector": [6, 0, 0]
						},
						"2.0": {
							"vector": [10, 0, 0]
						}
					}
				}
			}
		},
		"attack": {
			"animation_length": 1.8333,
			"bones": {
				"blue_demon": {
					"rotation": {
						"0.0": {
							"vector": [0, 0, 0]
						},
						"0.75": {
							"vector": [0, 0, 0]
						},
						"1.0": {
							"vector": [12, 0, 0]
						},
						"1.25": {
							"vector": [12, 0, 0]
						},
						"1.75": {
							"vector": [0, 0, 0]
						}
					}
				},
				"beak": {
					"rotation": {
						"0.0": {
							"vector": [0, 0, 0]
						},
						"1.0": {
							"vector": [-20, 0, 0]
						},
						"1.7083": {
							"vector": [0, 0, 0]
						}
					}
				},
				"left_hand": {
					"rotation": {
						"0.0": {
							"vector": [-17.43614, -0.46569, -8.32134]
						},
						"0.5": {
							"vector": [-40.13985, -0.46569, -8.32134]
						},
						"0.75": {
							"vector": [-17.43614, -0.46569, -8.32134]
						},
						"0.9167": {
							"vector": [32.56386, -0.46569, -8.32134]
						},
						"1.25": {
							"vector": [32.56386, -0.46569, -8.32134]
						},
						"1.75": {
							"vector": [-17.43614, -0.46569, -8.32134]
						}
					}
				},
				"left_hand2": {
					"rotation": {
						"0.0": {
							"vector": [0, 0, 15]
						},
						"0.5": {
							"vector": [0, 0, 29]
						},
						"1.75": {
							"vector": [0, 0, 15]
						}
					}
				},
				"right_hand": {
					"rotation": {
						"0.0": {
							"vector": [-15.6469, -14.0761, 5.23619]
						},
						"0.5": {
							"vector": [18.49979, 42.93463, 42.43487]
						},
						"0.75": {
							"vector": [18.49979, 42.93463, 42.43487]
						},
						"0.9167": {
							"vector": [-52.30278, -15.23938, -25.31546]
						},
						"1.25": {
							"vector": [-52.30278, -15.23938, -25.31546]
						},
						"1.75": {
							"vector": [-15.6469, -14.0761, 5.23619]
						}
					}
				},
				"right_hand2": {
					"rotation": {
						"0.0": {
							"vector": [0, 0, -10]
						},
						"0.5": {
							"vector": [0, 0, -5]
						},
						"0.75": {
							"vector": [0, 0, -5]
						},
						"0.9167": {
							"vector": [0, 0, -57.5]
						},
						"1.25": {
							"vector": [0, 0, -57.5]
						},
						"1.75": {
							"vector": [0, 0, -10]
						}
					}
				},
				"left_legs": {
					"rotation": {
						"0.0": {
							"vector": [0, 0, 0]
						},
						"0.5": {
							"vector": [0, -9, 0]
						},
						"0.75": {
							"vector": [0, -9, 0]
						},
						"0.9167": {
							"vector": [5, 0, 0]
						},
						"1.25": {
							"vector": [0, 0, 0]
						},
						"1.75": {
							"vector": [0, 0, 0]
						}
					},
					"position": {
						"0.0": {
							"vector": [0, 0, 0]
						},
						"0.75": {
							"vector": [0, 0, 0]
						},