{
	"format_version": "1.8.0",
	"animations": {
		"idle": {
			"loop": true,
			"animation_length": 2,
			"bones": {
				"escanor": {
					"rotation": {
						"0.0": {
							"vector": [-2.5, 2.5, 0]
						},
						"1.0": {
							"vector": [0, 2.5, 0]
						},
						"2.0": {
							"vector": [-2.5, 2.5, 0]
						}
					},
					"position": {
						"0.0": {
							"vector": [0, 0, 0]
						},
						"1.0": {
							"vector": [0, -0.25, 0]
						},
						"2.0": {
							"vector": [0, 0, 0]
						}
					},
					"scale": {
						"0.0": {
							"vector": [1, 1, 1]
						},
						"2.0": {
							"vector": [1, 1, 1]
						}
					}
				},
				"Head": {
					"rotation": {
						"0.0": {
							"vector": [2.5, 0, 0]
						},
						"1.0": {
							"vector": [0, 0, 0]
						},
						"2.0": {
							"vector": [2.5, 0, 0]
						}
					},
					"position": {
						"vector": [0, 0, 0]
					},
					"scale": {
						"vector": [1, 1, 1]
					}
				},
				"RightArm": {
					"rotation": {
						"0.0": {
							"vector": [3.38045, 9.96156, 5.07673]
						},
						"1.0": {
							"vector": [0, 7.5, 0]
						},
						"2.0": {
							"vector": [3.38045, 9.96156, 5.07673]
						}
					},
					"position": {
						"0.0": {
							"vector": [-0.49952, -0.00095, -0.02179]
						},
						"2.0": {
							"vector": [-0.49952, -0.00095, -0.02179]
						}
					},
					"scale": {
						"0.0": {
							"vector": [1, 1, 1]
						},
						"2.0": {
							"vector": [1, 1, 1]
						}
					}
				},
				"LeftArm": {
					"rotation": {
						"0.0": {
							"vector": [1.12215, 10.45464, -7.61529]
						},
						"1.0": {
							"vector": [0, 7.5, 0]
						},
						"2.0": {
							"vector": [1.12215, 10.45464, -7.61529]
						}
					},
					"position": {
						"0.0": {
							"vector": [-0.49952, -0.00095, -0.02179]
						},
						"2.0": {
							"vector": [-0.49952, -0.00095, -0.02179]
						}
					},
					"scale": {
						"0.0": {
							"vector": [1, 1, 1]
						},
						"2.0": {
							"vector": [1, 1, 1]
						}
					}
				},
				"RightLeg": {
					"rotation": {
						"0.0": {
							"vector": [2.50954, 4.99523, 0.21865]
						},
						"1.0": {
							"vector": [0.1137, 4.99523, 0.21865]
						},
						"2.0": {
							"vector": [2.50954, 4.99523, 0.21865]
						}
					},
					"position": {
						"0.0": {
							"vector": [0, 0, 0]
						},
						"1.0": {
							"vector": [0.02181, 0.25, -0.49952]
						},
						"2.0": {
							"vector": [0, 0, 0]
						}
					},
					"scale": {
						"0.0": {
							"vector": [1, 1, 1]
						},
						"2.0": {
							"vector": [1, 1, 1]
						}
					}
				},
				"LeftLeg": {
					"rotation": {
						"0.0": {
							"vector": [2.53852, -9.99038, -0.44067]
						},
						"1.0": {
							"vector": [0.03852, -9.99038, -0.44067]
						},
						"2.0": {
							"vector": [2.53852, -9.99038, -0.44067]
						}
					},
					"position": {
						"0.0": {
							"vector": [0.0109, -0.01089, -0.24952]
						},
						"1.0": {
							"vector": [0.03181, 0.24, -0.74952]
						},
						"2.0": {
							"vector": [0.0109, -0.01089, -0.24952]
						}
					},
					"scale": {
						"0.0": {
							"vector": [1, 1, 1]
						},
						"2.0": {
							"vector": [1, 1, 1]
						}
					}
				}
			}
		},
		"walk": {
			"loop": true,
			"animation_length": 1,
			"bones": {
				"escanor": {
					"position": {
						"0.0": {
							"vector": [0, 0, 0]
						},
						"0.25": {
							"vector": [0, 1, 0]
						},
						"0.5": {
							"vector": [0, 0, 0]
						},
						"0.75": {
							"vector": [0, 1, 0]
						},
						"1.0": {
							"vector": [0, 0, 0]
						}
					}
				},
				"Head": {
					"rotation": {
						"0.0": {
							"vector": [0, 0, 0]
						},
						"0.25": {
							"vector": [5, 0, 0]
						},
						"0.5": {
							"vector": [0, 0, 0]
						},
						"0.75": {
							"vector": [5, 0, 0]
						},
						"1.0": {
							"vector": [0, 0, 0]
						}
					},
					"position": {
						"0.0": {
							"vector": [0, 0, 0]
						},
						"0.5": {
							"vector": [0, 0, 0]
						},
						"1.0": {
							"vector": [0, 0, 0]
						}
					},
					"scale": {
						"0.0": {
							"vector": [1, 1, 1]
						},
						"0.5": {
							"vector": [1, 1, 1]
						},
						"1.0": {
							"vector": [1, 1, 1]
						}
					}
				},
				"RightArm": {
					"rotation": {
						"0.0": {
							"vector": [-24.83705, -4.94803, 9.89497]
						},
						"0.5": {
							"vector": [17.48436, -0.75155, 2.38443]
						},
						"1.0": {
							"vector": [-24.83705, -4.94803, 9.89497]
						}
					},
					"position": {
						"0.0": {
							"vector": [-0.25, 0, 0]
						},
						"0.5": {
							"vector": [-0.25, 0, 0]
						},
						"1.0": {
							"vector": [-0.25, 0, 0]
						}
					},
					"scale": {
						"0.0": {
							"vector": [1, 1, 1]
						},
						"0.5": {
							"vector": [1, 1, 1]
						},
						"1.0": {
							"vector": [1, 1, 1]
						}
					}
				},
				"LeftArm": {
					"rotation": {
						"0.0": {
							"vector": [17.48436, 0.75155, -2.38443]
						},
						"0.5": {
							"vector": [-24.83705, 4.94803, -9.89497]
						},
						"1.0": {
							"vector": [17.48436, 0.75155, -2.38443]
						}
					},
					"position": {
						"0.0": {
							"vector": [0.25, 0, 0]
						},
						"0.5": {
							"vector": [0.25, 0, 0]
						},
						"1.0": {
							"vector": [0.25, 0, 0]
						}
					},
					"scale": {
						"0.0": {
							"vector": [1, 1, 1]
						},
						"0.5": {
							"vector": [1, 1, 1]
						},
						"1.0": {
							"vector": [1, 1, 1]
						}
					}
				},
				"RightLeg": {
					"rotation": {
						"0.0": {
							"vector": [5, 0, 0]
						},
						"0.25": {
							"vector": [40, 0, 0]
						},
						"0.5": {
							"vector": [-32.5, 0, 0]
						},
						"0.7083": {
							"vector": [-2.92, 0, 0]
						},
						"0.75": {
							"vector": [0, 0, 0]
						},
						"1.0": {
							"vector": [5, 0, 0]
						}
					},
					"position": {
						"0.0": {
							"vector": [0, 0, 2]
						},
						"0.25": {
							"vector": [0, -1, -3]
						},
						"0.5": {
							"vector": [0, 0, 0]
						},
						"0.7083": {
							"vector": [0, -1.08, -1.67]
						},
						"0.75": {
							"vector": [0, -1, -2]
						},
						"1.0": {
							"vector": [0, 0, 2]
						}
					}
				},
				"LeftLeg": {
					"rotation": {
						"0.0": {
							"vector": [-32.5, 0, 0]
						},
						"0.2083": {
							"vector": [-2.92, 0, 0]
						},
						"0.25": {
							"vector": [0, 0, 0]
						},
						"0.5": {
							"vector": [5, 0, 0]
						},
						"0.75": {
							"vector": [40, 0, 0]
						},
						"1.0": {
							"vector": [-32.5, 0, 0]
						}
					},
					"position": {
						"0.0": {
							"vector": [0, 0, 0]
						},
						"0.2083": {
							"vector": [0, -1.08, 0]
						},
						"0.25": {
							"vector": [0, -1, 0]
						},
						"0.5": {
							"vector": [0, 0, 1]
						},
						"0.75": {
							"vector": [0, -1, -3]
						},
						"1.0": {
							"vector": [0, 0, 0]
						}
					}
				}
			}
		},
		"attack_1": {
			"animation_length": 0.75,
			"bones": {
				"escanor": {
					"rotation": {
						"0.0": {
							"vector": [4.37461, 62.45308, 6.83453]
						},
						"0.25": {
							"vector": [14.15283, -13.89051, -9.624]
						},
						"0.5": {
							"vector": [14.15283, -13.89051, -9.624]
						},
						"0.75": {
							"vector": [-2.28006, -19.82169, -7.97532]
						}
					},
					"scale": {
						"0.0": {
							"vector": [1, 1, 1]
						},
						"0.75": {
							"vector": [1, 1, 1]
						}
					}
				},
				"Head": {
					"rotation": {
						"0.0": {
							"vector": [0.49711, -67.52169, 0.49711]
						},
						"0.25": {
							"vector": [0.91834, 16.18752, 5.84123]
						},
						"0.5": {
							"vector": [0.91834, 16.18752, 5.84123]
						},
						"0.75": {
							"vector": [7.64591, 14.95645, 8.17467]
						}
					},
					"position": {
						"0.0": {
							"vector": [0, 0, 0]
						},
						"0.75": {
							"vector": [0, 0, 0]
						}
					},
					"scale": {
						"0.0": {
							"vector": [1, 1, 1]
						},