{
	"format_version": "1.8.0",
	"animations": {
		"idle": {
			"loop": true,
			"animation_length": 2,
			"bones": {
				"bone": {
					"rotation": {
						"0.0": {
							"vector": [-2.5, 2.5, 0]
						},
						"1.0": {
							"vector": [0, 2.5, 0]
						},
						"2.0": {
							"vector": [-2.5, 2.5, 0]
						}
					},
					"position": {
						"0.0": {
							"vector": [0, 0, 0]
						},
						"1.0": {
							"vector": [0, -0.25, 0]
						},
						"2.0": {
							"vector": [0, 0, 0]
						}
					},
					"scale": {
						"0.0": {
							"vector": [1, 1, 1]
						},
						"2.0": {
							"vector": [1, 1, 1]
						}
					}
				},
				"Head": {
					"rotation": {
						"0.0": {
							"vector": [2.5, 0, 0]
						},
						"1.0": {
							"vector": [0, 0, 0]
						},
						"2.0": {
							"vector": [2.5, 0, 0]
						}
					},
					"position": {
						"vector": [0, 0, 0]
					},
					"scale": {
						"vector": [1, 1, 1]
					}
				},
				"RightArm": {
					"rotation": {
						"0.0": {
							"vector": [3.38045, 9.96156, 5.07673]
						},
						"1.0": {
							"vector": [0, 7.5, 0]
						},
						"2.0": {
							"vector": [3.38045, 9.96156, 5.07673]
						}
					},
					"position": {
						"0.0": {
							"vector": [-0.49952, -0.00095, -0.02179]
						},
						"2.0": {
							"vector": [-0.49952, -0.00095, -0.02179]
						}
					},
					"scale": {
						"0.0": {
							"vector": [1, 1, 1]
						},
						"2.0": {
							"vector": [1, 1, 1]
						}
					}
				},
				"LeftArm": {
					"rotation": {
						"0.0": {
							"vector": [-6.94371, -8.40324, 11.66552]
						},
						"1.0": {
							"vector": [-7.30338, -8.09317, 14.17215]
						},
						"2.0": {
							"vector": [-6.94371, -8.40324, 11.66552]
						}
					},
					"position": {
						"0.0": {
							"vector": [0.76067, 0.24452, -0.22447]
						},
						"1.0": {
							"vector": [1.00976, 0.24, -0.2091]
						},
						"2.0": {
							"vector": [0.76067, 0.24452, -0.22447]
						}
					},
					"scale": {
						"0.0": {
							"vector": [1, 1, 1]
						},
						"2.0": {
							"vector": [1, 1, 1]
						}
					}
				},
				"RightLeg": {
					"rotation": {
						"0.0": {
							"vector": [2.50954, 4.99523, 0.21865]
						},
						"1.0": {
							"vector": [0.1137, 4.99523, 0.21865]
						},
						"2.0": {
							"vector": [2.50954, 4.99523, 0.21865]
						}
					},
					"position": {
						"0.0": {
							"vector": [0, 0, 0]
						},
						"1.0": {
							"vector": [0.02181, 0.25, -0.49952]
						},
						"2.0": {
							"vector": [0, 0, 0]
						}
					},
					"scale": {
						"0.0": {
							"vector": [1, 1, 1]
						},
						"2.0": {
							"vector": [1, 1, 1]
						}
					}
				},
				"LeftLeg": {
					"rotation": {
						"0.0": {
							"vector": [2.53852, -9.99038, -0.44067]
						},
						"1.0": {
							"vector": [0.03852, -9.99038, -0.44067]
						},
						"2.0": {
							"vector": [2.53852, -9.99038, -0.44067]
						}
					},
					"position": {
						"0.0": {
							"vector": [0.0109, -0.01089, -0.24952]
						},
						"1.0": {
							"vector": [0.03181, 0.24, -0.74952]
						},
						"2.0": {
							"vector": [0.0109, -0.01089, -0.24952]
						}
					},
					"scale": {
						"0.0": {
							"vector": [1, 1, 1]
						},
						"2.0": {
							"vector": [1, 1, 1]
						}
					}
				}
			}
		},
		"walk": {
			"loop": true,
			"animation_length": 2,
			"bones": {
				"bone": {
					"rotation": {
						"0.0": {
							"vector": [4.5, 0, 0]
						},
						"0.5": {
							"vector": [11.9645, -0.82422, 4.93177]
						},
						"1.0": {
							"vector": [4.5, 0, 0]
						},
						"1.5": {
							"vector": [9.22728, 0.65967, -3.94532]
						},
						"2.0": {
							"vector": [4.5, 0, 0]
						}
					}
				},
				"RightArm": {
					"rotation": {
						"0.0": {
							"vector": [-19.64776, 2.18378, 9.85264]
						},
						"0.5": {
							"vector": [2.27521, 1.38653, 4.9137]
						},
						"1.0": {
							"vector": [25.70514, 17.89675, 9.40136]
						},
						"1.5": {
							"vector": [6.08885, 9.93872, 18.97717]
						},
						"2.0": {
							"vector": [-19.64776, 2.18378, 9.85264]
						}
					},
					"position": {
						"0.0": {
							"vector": [0, -0.3, 0]
						},
						"2.0": {
							"vector": [0, -0.3, 0]
						}
					}
				},
				"LeftArm": {
					"rotation": {
						"0.0": {
							"vector": [-19.05192, -5.35776, -11.36946]
						},
						"0.5": {
							"vector": [2, 1.76048, -5.0831]
						},
						"1.0": {
							"vector": [-35.46856, 6.73551, -7.61932]
						},
						"1.5": {
							"vector": [-0.27018, 11.63647, -14.08028]
						},
						"2.0": {
							"vector": [18.24361, -4.53737, -8.99905]
						}
					},
					"position": {
						"0.0": {
							"vector": [0, -0.3, 0]
						},
						"2.0": {
							"vector": [0, 0.7, 0]
						}
					}
				},
				"RightLeg": {
					"rotation": {
						"0.0": {
							"vector": [-12.5, 0, 0]
						},
						"1.0": {
							"vector": [17.5, 0, 0]
						},
						"2.0": {
							"vector": [-12.5, 0, 0]
						}
					},
					"position": {
						"0.0": {
							"vector": [0, 0, 0]
						},
						"1.0": {
							"vector": [0, 0, -2]
						},
						"1.5": {
							"vector": [0, 2.36, 0]
						},
						"2.0": {
							"vector": [0, 0, 0]
						}
					}
				},
				"LeftLeg": {
					"rotation": {
						"0.0": {
							"vector": [17.5, 0, 0]
						},
						"1.0": {
							"vector": [-10, 0, 0]
						},
						"2.0": {
							"vector": [17.5, 0, 0]
						}
					},
					"position": {
						"0.0": {
							"vector": [0, 0, -2]
						},
						"0.5": {
							"vector": [0, 2.1, -3]
						},
						"1.0": {
							"vector": [0, -0.6, 0]
						},
						"2.0": {
							"vector": [0, 0, 0]
						}
					}
				}
			}
		},
		"attack": {
			"animation_length": 0.75,
			"bones": {
				"bone": {
					"rotation": {
						"0.0": {
							"vector": [-5.2206, -62.41601, 3.98251]
						},
						"0.25": {
							"vector": [14.88629, -22.49256, 0.35307]
						},
						"0.5": {
							"vector": [14.88629, -22.49256, 0.35307]
						},
						"0.75": {
							"vector": [-2.28006, -19.82169, -7.97532]
						}
					},
					"scale": {
						"0.0": {
							"vector": [1, 1, 1]
						},
						"0.75": {
							"vector": [1, 1, 1]
						}
					}
				},
				"Head": {
					"rotation": {
						"0.0": {
							"vector": [0.49711, 67.52169, -0.49711]
						},
						"0.25": {
							"vector": [-11.53604, 23.80752, -5.19604]
						},
						"0.5": {
							"vector": [-11.53604, 23.80752, -5.19604]
						},
						"0.75": {
							"vector": [7.64591, 14.95645, 8.17467]
						}
					},
					"position": {
						"0.0": {
							"vector": [0, 0, 0]
						},
						"0.75": {
							"vector": [0, 0, 0]
						}
					},
					"scale": {
						"0.0": {
							"vector": [1, 1, 1]
						},
						"0.75": {
							"vector": [1, 1, 1]
						}
					}
				},
				"Body": {
					"rotation": {
						"vector": [0, 0, 0]
					},
					"position": {
						"vector": [0, 0, 0]
					},
					"scale": {
						"vector": [1, 1, 1]
					}
				},
				"RightArm": {
					"rotation": {
						"0.0": {
							"vector": [-109.62164, 3.00385, -3.3486]
						},
						"0.25": {
							"vector": [-53.25995, 51.42069, 5.39843]
						},
						"0.2917": {
							"vector": [-55.03083, 49.39407, 3.10085]
						},
						"0.5": {
							"vector": [-55.03083, 49.39407, 3.10085]
						},
						"0.75": {
							"vector": [-2.00307, -14.8687, 27.7614]
						}
					},
					"position": {
						"0.0": {
							"vector": [0, 0, 0]
						},
						"0.75": {
							"vector": [0, 0, 0]
						}
					},
					"scale": {
						"0.0": {
							"vector": [1, 1, 1]
						},
						"0.75": {
							"vector": [1, 1, 1]
						}
					}
				},
				"LowerRightArm": {
					"rotation": {
						"0.0": {
							"vector": [-9.27845, -5.29908, -44.80852]
						},
						"0.25": {
							"vector": [-0.29116, -2.03467, 7.70366]
						},
						"0.2917": {
							"vector": [-0.2021, -2.04543, 5.2021]
						},
						"0.5": {
							"vector": [-0.2021, -2.04543, 5.2021]
						},