{
	"format_version": "1.8.0",
	"animations": {
		"idle": {
			"loop": true,
			"animation_length": 2,
			"bones": {
				"bone": {
					"rotation": {
						"0.0": [-2.5, 2.5, 0],
						"1.0": [0, 2.5, 0],
						"2.0": [-2.5, 2.5, 0]
					},
					"position": {
						"0.0": [0, 0, 0],
						"1.0": [0, -0.25, 0],
						"2.0": [0, 0, 0]
					},
					"scale": {
						"0.0": [1, 1, 1],
						"2.0": [1, 1, 1]
					}
				},
				"Head": {
					"rotation": {
						"0.0": [2.5, 0, 0],
						"1.0": [0, 0, 0],
						"2.0": [2.5, 0, 0]
					},
					"position": [0, 0, 0],
					"scale": 1
				},
				"RightArm": {
					"rotation": {
						"0.0": [3.38045, 9.96156, 5.07673],
						"1.0": [0, 7.5, 0],
						"2.0": [3.38045, 9.96156, 5.07673]
					},
					"position": {
						"0.0": [-0.49952, -0.00095, -0.02179],
						"2.0": [-0.49952, -0.00095, -0.02179]
					},
					"scale": {
						"0.0": [1, 1, 1],
						"2.0": [1, 1, 1]
					}
				},
				"LeftArm": {
					"rotation": {
						"0.0": [-6.94371, -8.40324, 11.66552],
						"1.0": [-7.30338, -8.09317, 14.17215],
						"2.0": [-6.94371, -8.40324, 11.66552]
					},
					"position": {
						"0.0": [0.76067, 0.24452, -0.22447],
						"1.0": [1.00976, 0.24, -0.2091],
						"2.0": [0.76067, 0.24452, -0.22447]
					},
					"scale": {
						"0.0": [1, 1, 1],
						"2.0": [1, 1, 1]
					}
				},
				"RightLeg": {
					"rotation": {
						"0.0": [2.50954, 4.99523, 0.21865],
						"1.0": [0.1137, 4.99523, 0.21865],
						"2.0": [2.50954, 4.99523, 0.21865]
					},
					"position": {
						"0.0": [0, 0, 0],
						"1.0": [0.02181, 0.25, -0.49952],
						"2.0": [0, 0, 0]
					},
					"scale": {
						"0.0": [1, 1, 1],
						"2.0": [1, 1, 1]
					}
				},
				"LeftLeg": {
					"rotation": {
						"0.0": [2.53852, -9.99038, -0.44067],
						"1.0": [0.03852, -9.99038, -0.44067],
						"2.0": [2.53852, -9.99038, -0.44067]
					},
					"position": {
						"0.0": [0.0109, -0.01089, -0.24952],
						"1.0": [0.03181, 0.24, -0.74952],
						"2.0": [0.0109, -0.01089, -0.24952]
					},
					"scale": {
						"0.0": [1, 1, 1],
						"2.0": [1, 1, 1]
					}
				},
				"ChaoticJudgement": {
					"scale": 0
				}
			}
		},
		"walk": {
			"loop": true,
			"animation_length": 2,
			"bones": {
				"bone": {
					"rotation": {
						"0.0": {
							"post": [4.5, 0, 0],
							"lerp_mode": "catmullrom"
						},
						"0.5": {
							"post": [11.9645, -0.82422, 4.93177],
							"lerp_mode": "catmullrom"
						},
						"1.0": {
							"post": [4.5, 0, 0],
							"lerp_mode": "catmullrom"
						},
						"1.5": {
							"post": [9.22728, 0.65967, -3.94532],
							"lerp_mode": "catmullrom"
						},
						"2.0": {
							"post": [4.5, 0, 0],
							"lerp_mode": "catmullrom"
						}
					}
				},
				"RightArm": {
					"rotation": {
						"0.0": {
							"post": [-19.64776, 2.18378, 9.85264],
							"lerp_mode": "catmullrom"
						},
						"0.5": {
							"post": [2.27521, 1.38653, 4.9137],
							"lerp_mode": "catmullrom"
						},
						"1.0": {
							"post": [25.70514, 17.89675, 9.40136],
							"lerp_mode": "catmullrom"
						},
						"1.5": {
							"post": [6.08885, 9.93872, 18.97717],
							"lerp_mode": "catmullrom"
						},
						"2.0": {
							"post": [-19.64776, 2.18378, 9.85264],
							"lerp_mode": "catmullrom"
						}
					},
					"position": {
						"0.0": {
							"post": [0, -0.3, 0],
							"lerp_mode": "catmullrom"
						},
						"2.0": {
							"post": [0, -0.3, 0],
							"lerp_mode": "catmullrom"
						}
					}
				},
				"LeftArm": {
					"rotation": {
						"0.0": {
							"post": [-19.05192, -5.35776, -11.36946],
							"lerp_mode": "catmullrom"
						},
						"0.5": {
							"post": [2, 1.76048, -5.0831],
							"lerp_mode": "catmullrom"
						},
						"1.0": {
							"post": [-35.46856, 6.73551, -7.61932],
							"lerp_mode": "catmullrom"
						},
						"1.5": {
							"post": [-0.27018, 11.63647, -14.08028],
							"lerp_mode": "catmullrom"
						},
						"2.0": {
							"post": [18.24361, -4.53737, -8.99905],
							"lerp_mode": "catmullrom"
						}
					},
					"position": {
						"0.0": {
							"post": [0, -0.3, 0],
							"lerp_mode": "catmullrom"
						},
						"2.0": {
							"post": [0, 0.7, 0],
							"lerp_mode": "catmullrom"
						}
					}
				},
				"RightLeg": {
					"rotation": {
						"0.0": {
							"post": [-12.5, 0, 0],
							"lerp_mode": "catmullrom"
						},
						"1.0": {
							"post": [17.5, 0, 0],
							"lerp_mode": "catmullrom"
						},
						"2.0": {
							"post": [-12.5, 0, 0],
							"lerp_mode": "catmullrom"
						}
					},
					"position": {
						"0.0": {
							"post": [0, 0, 0],
							"lerp_mode": "catmullrom"
						},
						"1.0": {
							"post": [0, 0, -2],
							"lerp_mode": "catmullrom"
						},
						"1.5": {
							"post": [0, 2.36, 0],
							"lerp_mode": "catmullrom"
						},
						"2.0": {
							"post": [0, 0, 0],
							"lerp_mode": "catmullrom"
						}
					}
				},
				"LeftLeg": {
					"rotation": {
						"0.0": {
							"post": [17.5, 0, 0],
							"lerp_mode": "catmullrom"
						},
						"1.0": {
							"post": [-10, 0, 0],
							"lerp_mode": "catmullrom"
						},
						"2.0": {
							"post": [17.5, 0, 0],
							"lerp_mode": "catmullrom"
						}
					},
					"position": {
						"0.0": {
							"post": [0, 0, -2],
							"lerp_mode": "catmullrom"
						},
						"0.5": {
							"post": [0, 2.1, -3],
							"lerp_mode": "catmullrom"
						},
						"1.0": {
							"post": [0, -0.6, 0],
							"lerp_mode": "catmullrom"
						},
						"2.0": {
							"post": [0, 0, 0],
							"lerp_mode": "catmullrom"
						}
					}
				},
				"ChaoticJudgement": {
					"scale": 0
				}
			}
		},
		"attack_1": {
			"animation_length": 0.75,
			"bones": {
				"bone": {
					"rotation": {
						"0.0": [-5.2206, -62.41601, 3.98251],
						"0.25": [14.88629, -22.49256, 0.35307],
						"0.5": [14.88629, -22.49256, 0.35307],
						"0.75": [-2.28006, -19.82169, -7.97532]
					},
					"scale": {
						"0.0": [1, 1, 1],
						"0.75": [1, 1, 1]
					}
				},
				"Head": {
					"rotation": {
						"0.0": [0.49711, 67.52169, -0.49711],
						"0.25": [-11.53604, 23.80752, -5.19604],
						"0.5": [-11.53604, 23.80752, -5.19604],
						"0.75": [7.64591, 14.95645, 8.17467]
					},
					"position": {
						"0.0": [0, 0, 0],
						"0.75": [0, 0, 0]
					},
					"scale": {
						"0.0": [1, 1, 1],
						"0.75": [1, 1, 1]
					}
				},
				"Body": {
					"rotation": [0, 0, 0],
					"position": [0, 0, 0],
					"scale": 1
				},
				"RightArm": {
					"rotation": {
						"0.0": [-109.62164, 3.00385, -3.3486],
						"0.25": [-85.03083, 49.39407, 3.10085],
						"0.2917": [-85.03083, 49.39407, 3.10085],
						"0.5": [-85.03083, 49.39407, 3.10085],
						"0.75": [-2.00307, -14.8687, 27.7614]
					},
					"position": {
						"0.0": [0, 0, 0],
						"0.75": [0, 0, 0]
					},
					"scale": {
						"0.0": [1, 1, 1],
						"0.75": [1, 1, 1]
					}
				},
				"LeftArm": {
					"rotation": {
						"0.0": [8.41073, -6.4605, -19.98326],
						"0.25": [24.19943, -1.39824, -31.44313],
						"0.5": [24.19943, -1.39824, -31.44313],
						"0.75": [-9.2729, -25.5473, -27.31475]
					},
					"position": {
						"0.0": [0, 0, 0],
						"0.75": [0, 0, 0]
					},
					"scale": {
						"0.0": [1, 1, 1],
						"0.75": [1, 1, 1]
					}
				},
				"RightLeg": {
					"rotation": {
						"0.0": [4.09471, 50.6592, 3.25914],
						"0.25": [-13.654, 20.36019, -4.83984],
						"0.5": [-13.654, 20.36019, -4.83984],
						"0.75": [-15, 0, 10]
					},
					"position": {
						"0.0": [0, 0, 0],
						"0.75": [0, 0, 0]
					},
					"scale": {
						"0.0": [1, 1, 1],
						"0.75": [1, 1, 1]
					}
				},
				"LeftLeg": {
					"rotation": {
						"0.0": [2.50309, -5.29591, -4.92719],
						"0.25": [3.45948, 9.2031, -3.32518],
						"0.5": [3.45948, 9.2031, -3.32518],
						"0.75": [14.94548, -1.29256, 14.83045]
					},
					"position": {
						"0.0": [0, 0, 0],
						"0.75": [0, 0, 0]
					},
					"scale": {
						"0.0": [1, 1, 1],