{
	"format_version": "1.8.0",
	"animations": {
		"idle": {
			"loop": true,
			"animation_length": 2,
			"bones": {
				"Head": {
					"rotation": {
						"0.0": {
							"vector": [-3, 0, 0]
						},
						"1.0": {
							"vector": [-0.99923, -0.03926, -2.24966]
						},
						"2.0": {
							"vector": [-3, 0, 0]
						}
					}
				},
				"Body": {
					"rotation": {
						"0.0": {
							"vector": [-3, 0, 0]
						},
						"1.0": {
							"vector": [-0.99923, -0.03926, -2.24966]
						},
						"2.0": {
							"vector": [-3, 0, 0]
						}
					}
				},
				"RightArm": {
					"rotation": {
						"0.0": {
							"vector": [-3, 0, 0]
						},
						"1.0": {
							"vector": [-0.99923, -0.03926, -2.24966]
						},
						"2.0": {
							"vector": [-3, 0, 0]
						}
					}
				},
				"LeftArm": {
					"rotation": {
						"0.0": {
							"vector": [-3, 0, 0]
						},
						"1.0": {
							"vector": [-0.99923, -0.03926, -2.24966]
						},
						"2.0": {
							"vector": [-3, 0, 0]
						}
					}
				}
			}
		},
		"walk": {
			"loop": true,
			"animation_length": 2,
			"bones": {
				"bone": {
					"rotation": {
						"0.0": {
							"vector": [0, 0, 0]
						},
						"0.5": {
							"vector": [-9.53861, -1.31199, -6.46378]
						},
						"1.0": {
							"vector": [0, 0, 0]
						},
						"1.5": {
							"vector": [-8, 0, 4]
						},
						"2.0": {
							"vector": [0, 0, 0]
						}
					},
					"position": {
						"0.0": {
							"vector": [0, 0, 0]
						},
						"0.5": {
							"vector": [0, 2.01, 0]
						},
						"1.0": {
							"vector": [0, 0, 0]
						},
						"1.5": {
							"vector": [0, 1.7, 0]
						},
						"2.0": {
							"vector": [0, 0, 0]
						}
					}
				},
				"RightArm": {
					"rotation": {
						"0.0": {
							"vector": [16.42499, 17.95192, 18.16584]
						},
						"0.5": {
							"vector": [-4.99254, 2.66346, 2.00659]
						},
						"1.0": {
							"vector": [-20.41836, -7.42045, 11.62132]
						},
						"2.0": {
							"vector": [16.42499, 17.95192, 18.16584]
						}
					}
				},
				"LeftArm": {
					"rotation": {
						"0.0": {
							"vector": [-22.52545, 20.9041, -16.56603]
						},
						"1.0": {
							"vector": [20.43491, -21.21716, -14.10484]
						},
						"1.5": {
							"vector": [1.23542, -2.99014, -7.17393]
						},
						"2.0": {
							"vector": [-22.52545, 20.9041, -16.56603]
						}
					}
				},
				"RightLeg": {
					"rotation": {
						"0.0": {
							"vector": [17.5, 0, 0]
						},
						"0.5": {
							"vector": [-17.5, 0, 0]
						},
						"1.0": {
							"vector": [-17.5, 0, 0]
						},
						"2.0": {
							"vector": [17.5, 0, 0]
						}
					},
					"position": {
						"0.0": {
							"vector": [0, 0, 0]
						},
						"0.5": {
							"vector": [0, 0.1, 0]
						},
						"1.0": {
							"vector": [0, -1.6, 0]
						},
						"2.0": {
							"vector": [0, 0, 0]
						}
					}
				},
				"LeftLeg": {
					"rotation": {
						"0.0": {
							"vector": [-12.5, 0, 0]
						},
						"0.9583": {
							"vector": [17.5, 0, 0]
						},
						"1.9583": {
							"vector": [-12.5, 0, 0]
						}
					},
					"position": {
						"0.0": {
							"vector": [0, 0.25, 0]
						},
						"0.9583": {
							"vector": [0, 0, 3.75]
						},
						"1.4583": {
							"vector": [0, 0.36, 1.25]
						},
						"1.9583": {
							"vector": [0, -1, 0]
						}
					}
				}
			}
		},
		"attack": {
			"animation_length": 2,
			"bones": {
				"RightArm": {
					"rotation": {
						"0.0": {
							"vector": [0, 0, 17.5]
						},
						"0.5": {
							"vector": [30, 0, 17.5]
						},
						"0.75": {
							"vector": [30, 0, 17.5]
						},
						"1.0": {
							"vector": [-54.89549, -20.88127, 3.43427]
						},
						"1.375": {
							"vector": [-50.6566, -32.05705, -6.0137]
						},
						"2.0": {
							"vector": [0, 0, 17.5]
						}
					},
					"position": {
						"0.0": {
							"vector": [0, 0, 0]
						},
						"0.5": {
							"vector": [0, 0, 0]
						},
						"0.75": {
							"vector": [0, 0, 0]
						},
						"1.0": {
							"vector": [4, 2.8, -7.4]
						},
						"1.375": {
							"vector": [6, 4.8, -7.4]
						},
						"2.0": {
							"vector": [0, 0, 0]
						}
					}
				},
				"LeftArm": {
					"rotation": {
						"0.0": {
							"vector": [7.5, 0, -17.5]
						},
						"0.5": {
							"vector": [-28.46913, 33.87692, -30.48189]
						},
						"0.75": {
							"vector": [-28.46913, 33.87692, -30.48189]
						},
						"1.0": {
							"vector": [30.5, 0, -17.5]
						},
						"1.375": {
							"vector": [30.5, 0, -17.5]
						},
						"1.6667": {
							"vector": [21.64687, -3.06159, -9.83546]
						},
						"2.0": {
							"vector": [7.5, 0, -17.5]
						}
					}
				},
				"RightLeg": {
					"rotation": {
						"0.0": {
							"vector": [0, 0, 0]
						},
						"0.4167": {
							"vector": [0, 20, 0]
						},
						"0.7917": {
							"vector": [0, 20, 0]
						},
						"1.0": {
							"vector": [0, -14, 0]
						},
						"1.5": {
							"vector": [0, -14, 0]
						},
						"2.0": {
							"vector": [0, 0, 0]
						}
					},
					"position": {
						"0.0": {
							"vector": [0, 0, 0]
						},
						"0.4167": {
							"vector": [0, 0, 4]
						},
						"0.7917": {
							"vector": [0, 0, 4]
						},
						"0.9167": {
							"vector": [3, 1.5, -5.92]
						},
						"1.0": {
							"vector": [7, 1.5, -7.92]
						},
						"1.5": {
							"vector": [5, 0, -7.3]
						},
						"2.0": {
							"vector": [0, 0, 0]
						}
					}
				},
				"LeftLeg": {
					"rotation": {
						"0.0": {
							"vector": [0, 0, 0]
						},
						"0.7917": {
							"vector": [0, 0, 0]
						},
						"1.0": {
							"vector": [0, -34, 0]
						},
						"1.5": {
							"vector": [0, -34, 0]
						},
						"2.0": {
							"vector": [0, 0, 0]
						}
					},
					"position": {
						"0.0": {
							"vector": [0, 0, 0]
						},
						"0.7917": {
							"vector": [0, 0, 0]
						},
						"1.0": {
							"vector": [3, 0, -0.2]
						},
						"1.5": {
							"vector": [2, 0, -0.2]
						},
						"2.0": {
							"vector": [0, 0, 0]
						}
					}
				},
				"bone4": {
					"rotation": {
						"0.0": {
							"vector": [-3, 0, 0]
						},
						"0.5": {
							"vector": [-6.10562, 14.97896, -0.80343]
						},
						"0.75": {
							"vector": [-6.10562, 14.97896, -0.80343]
						},
						"1.0": {
							"vector": [15.31824, -34.72788, 4.88607]
						},
						"1.375": {
							"vector": [15.31824, -34.72788, 4.88607]
						},
						"2.0": {
							"vector": [-3, 0, 0]
						}
					}
				}
			}
		},
		"attack_2": {
			"animation_length": 2.75,
			"bones": {
				"RightArm": {
					"rotation": {
						"0.0": {
							"vector": [0, 0, 17.5]
						},
						"0.5": {
							"vector": [26.9848, 5.50905, 6.82279]
						},
						"0.75": {
							"vector": [26.9848, 5.50905, 6.82279]
						},
						"0.9583": {
							"vector": [-0.04109, 4.29729, 15.79388]
						},
						"1.2083": {
							"vector": [-13.50092, 2.5439, -0.08402]
						},
						"2.0": {
							"vector": [-6.00092, 2.5439, -0.08402]
						},
						"2.75": {
							"vector": [0, 0, 17.5]
						}
					},
					"position": {
						"0.0": {
							"vector": [0, 0, 0]
						},
						"2.75": {
							"vector": [0, 0, 0]
						}
					}
				},
				"LeftArm": {
					"rotation": {
						"0.0": {
							"vector": [7.5, 0, -17.5]
						},
						"0.5": {
							"vector": [29.25757, -6.94756, -5.31551]
						},
						"0.75": {
							"vector": [29.25757, -6.94756, -5.31551]
						},
						"0.9583": {
							"vector": [4.5752, -3.82267, -16.1429]
						},
						"1.2083": {
							"vector": [-14.19961, -2.40717, 6.3729]
						},
						"1.6667": {
							"vector": [-11.07739, -2.50898, 9.21085]
						},
						"2.0": {
							"vector": [-6.69961, -2.40717, 6.3729]
						},
						"2.75": {
							"vector": [7.5, 0, -17.5]
						}
					}
				},
				"bone4": {
					"rotation": {
						"0.0": {
							"vector": [-3, 0, 0]
						},
						"0.5": {
							"vector": [-10.5, 0, 0]
						},