{
	"format_version": "1.8.0",
	"animations": {
		"idle": {
			"loop": true,
			"animation_length": 2.5,
			"bones": {
				"bone": {
					"rotation": {
						"0.0": {
							"vector": [-156.64317, 0.67699, -188.65302]
						}
					},
					"position": {
						"0.0": {
							"vector": [1.3, -2.5, -5]
						}
					}
				},
				"bone5": {
					"rotation": {
						"0.0": {
							"vector": [45, 0, 0]
						}
					}
				},
				"bone2": {
					"rotation": {
						"0.0": {
							"vector": [42.55555, -8.24599, -2.47681]
						},
						"1.25": {
							"vector": [42.57881, 2.39716, 6.26622]
						},
						"2.5": {
							"vector": [42.55555, -8.24599, -2.47681]
						}
					}
				},
				"bone3": {
					"rotation": {
						"0.0": {
							"vector": [-100, 0, 0]
						},
						"1.0": {
							"vector": [-78.31092, 13.25992, -2.2623]
						},
						"2.25": {
							"vector": [-77.5, 0, 0]
						}
					}
				},
				"bone4": {
					"rotation": {
						"0.0": {
							"vector": [-36.30168, 10.07068, -14.6929]
						},
						"1.25": {
							"vector": [33.66111, -10.20932, 14.90424]
						},
						"2.5": {
							"vector": [33.69832, 10.07068, -14.6929]
						}
					}
				}
			}
		},
		"attack": {
			"animation_length": 0.5,
			"bones": {
				"bone": {
					"rotation": {
						"0.0": {
							"vector": [-203.66684, -5.88969, -3.24988]
						}
					},
					"position": {
						"0.0": {
							"vector": [0.3, 3.5, 1]
						}
					}
				},
				"bone5": {
					"rotation": {
						"0.0": {
							"vector": [90, 0, 0]
						}
					}
				},
				"bone2": {
					"rotation": {
						"0.0": {
							"vector": [67.55555, -8.24599, -2.47681]
						},
						"0.25": {
							"vector": [150.05555, -8.24599, -2.47681]
						},
						"0.4583": {
							"vector": [140.05555, -8.24599, -2.47681]
						}
					}
				},
				"bone3": {
					"rotation": {
						"0.0": {
							"vector": [-77.5, 0, 0]
						},
						"0.2083": {
							"vector": [-22.5, 0, 0]
						}
					}
				},
				"bone4": {
					"rotation": {
						"0.0": {
							"vector": [33.69832, 10.07068, -14.6929]
						}
					}
				}
			}
		}
	},
	"geckolib_format_version": 2
}